-- MySQL dump 10.13  Distrib 5.7.17, for Win64 (x86_64)
--
-- Host: localhost    Database: worldcup
-- ------------------------------------------------------
-- Server version	8.0.11

/*!40101 SET @OLD_CHARACTER_SET_CLIENT=@@CHARACTER_SET_CLIENT */;
/*!40101 SET @OLD_CHARACTER_SET_RESULTS=@@CHARACTER_SET_RESULTS */;
/*!40101 SET @OLD_COLLATION_CONNECTION=@@COLLATION_CONNECTION */;
/*!40101 SET NAMES utf8 */;
/*!40103 SET @OLD_TIME_ZONE=@@TIME_ZONE */;
/*!40103 SET TIME_ZONE='+00:00' */;
/*!40014 SET @OLD_UNIQUE_CHECKS=@@UNIQUE_CHECKS, UNIQUE_CHECKS=0 */;
/*!40014 SET @OLD_FOREIGN_KEY_CHECKS=@@FOREIGN_KEY_CHECKS, FOREIGN_KEY_CHECKS=0 */;
/*!40101 SET @OLD_SQL_MODE=@@SQL_MODE, SQL_MODE='NO_AUTO_VALUE_ON_ZERO' */;
/*!40111 SET @OLD_SQL_NOTES=@@SQL_NOTES, SQL_NOTES=0 */;

--
-- Table structure for table `goal`
--

DROP TABLE IF EXISTS `goal`;
/*!40101 SET @saved_cs_client     = @@character_set_client */;
/*!40101 SET character_set_client = utf8 */;
CREATE TABLE `goal` (
  `goalID` int(10) unsigned NOT NULL,
  `playerID` int(10) unsigned NOT NULL,
  `matchID` int(10) unsigned NOT NULL,
  `timeMin` varchar(20) NOT NULL,
  PRIMARY KEY (`goalID`),
  KEY `playerID` (`playerID`),
  KEY `matchID` (`matchID`),
  CONSTRAINT `goal_ibfk_1` FOREIGN KEY (`playerID`) REFERENCES `player` (`playerid`),
  CONSTRAINT `goal_ibfk_2` FOREIGN KEY (`matchID`) REFERENCES `matchups` (`matchid`)
) ENGINE=InnoDB DEFAULT CHARSET=utf8mb4 COLLATE=utf8mb4_0900_ai_ci;
/*!40101 SET character_set_client = @saved_cs_client */;

--
-- Dumping data for table `goal`
--

LOCK TABLES `goal` WRITE;
/*!40000 ALTER TABLE `goal` DISABLE KEYS */;
INSERT INTO `goal` VALUES (1,17,1,'12'),(2,12,1,'43'),(3,2,1,'71'),(4,12,1,'90+1'),(5,8,1,'90+4'),(6,28,2,'89'),(7,177,3,'90+5'),(8,116,4,'4,PEN'),(9,96,4,'24'),(10,116,4,'44'),(11,96,4,'55'),(12,102,4,'58'),(13,116,4,'88'),(14,185,5,'58,PEN'),(15,232,5,'62,PEN'),(16,247,5,'80,OG'),(17,349,6,'19'),(18,331,6,'23'),(19,211,7,'59'),(20,307,8,'32,OG'),(21,277,8,'71,PEN'),(22,417,9,'56'),(23,492,10,'35'),(24,371,11,'20'),(25,411,11,'50'),(26,463,12,'65,PEN'),(27,561,13,'47'),(28,555,13,'69'),(29,555,13,'75'),(30,577,14,'11'),(31,627,14,'35,PEN'),(32,577,14,'90+1'),(33,721,15,'3'),(34,647,15,'6,PEN'),(35,722,15,'39'),(36,652,15,'73'),(37,706,16,'37,OG'),(38,685,16,'60'),(39,697,16,'86');
/*!40000 ALTER TABLE `goal` ENABLE KEYS */;
UNLOCK TABLES;

--
-- Table structure for table `matchups`
--

DROP TABLE IF EXISTS `matchups`;
/*!40101 SET @saved_cs_client     = @@character_set_client */;
/*!40101 SET character_set_client = utf8 */;
CREATE TABLE `matchups` (
  `matchID` int(10) unsigned NOT NULL AUTO_INCREMENT,
  `homeTeamName` varchar(20) NOT NULL,
  `awayTeamName` varchar(20) NOT NULL,
  `stadiumName` varchar(30) NOT NULL,
  `date` date NOT NULL,
  PRIMARY KEY (`matchID`),
  KEY `stadiumName` (`stadiumName`),
  KEY `homeTeamName` (`homeTeamName`),
  KEY `awayTeamName` (`awayTeamName`),
  CONSTRAINT `matchups_ibfk_1` FOREIGN KEY (`stadiumName`) REFERENCES `stadium` (`stadiumName`),
  CONSTRAINT `matchups_ibfk_2` FOREIGN KEY (`homeTeamName`) REFERENCES `team` (`teamname`),
  CONSTRAINT `matchups_ibfk_3` FOREIGN KEY (`awayTeamName`) REFERENCES `team` (`teamname`)
) ENGINE=InnoDB AUTO_INCREMENT=49 DEFAULT CHARSET=utf8mb4 COLLATE=utf8mb4_0900_ai_ci;
/*!40101 SET character_set_client = @saved_cs_client */;

--
-- Dumping data for table `matchups`
--

LOCK TABLES `matchups` WRITE;
/*!40000 ALTER TABLE `matchups` DISABLE KEYS */;
INSERT INTO `matchups` VALUES (1,'Russia','Saudi Arabia','Luzhniki Stadium','2018-06-14'),(2,'Egypt','Uruguay','Ekaterinburg Arena','2018-06-15'),(3,'Morocco','Iran','Saint Petersburg Stadium','2018-06-15'),(4,'Portugal','Spain','Fisht Stadium','2018-06-15'),(5,'France','Australia','Kazan Arena','2018-06-16'),(6,'Argentina','Iceland','Spartak Stadium','2018-06-16'),(7,'Peru','Denmark','Mordovia Arena','2018-06-16'),(8,'Croatia','Nigeria','Kaliningrad Stadium','2018-06-16'),(9,'Costa Rica','Serbia','Samara Arena','2018-06-17'),(10,'Germany','Mexico','Luzhniki Stadium','2018-06-17'),(11,'Brazil','Switzerland','Rostov Arena','2018-06-17'),(12,'Sweden','South Korea','Nizhny Novgorod Stadium','2018-06-18'),(13,'Belgium','Panama','Fisht Stadium','2018-06-18'),(14,'Tunisia','England','Volgograd Arena','2018-06-18'),(15,'Colombia','Japan','Mordovia Arena','2018-06-19'),(16,'Poland','Senegal','Spartak Stadium','2018-06-19'),(17,'Russia','Egypt','Saint Petersburg Stadium','2018-06-19'),(18,'Portugal','Morocco','Luzhniki Stadium','2018-06-20'),(19,'Uruguay','Saudi Arabia','Rostov Arena','2018-06-20'),(20,'Iran','Spain','Kazan Arena','2018-06-20'),(21,'Denmark','Australia','Samara Arena','2018-06-21'),(22,'France','Peru','Ekaterinburg Arena','2018-06-21'),(23,'Argentina','Croatia','Nizhny Novgorod Stadium','2018-06-21'),(24,'Brazil','Costa Rica','Saint Petersburg Stadium','2018-06-22'),(25,'Nigeria','Iceland','Volgograd Arena','2018-06-22'),(26,'Serbia','Switzerland','Kaliningrad Stadium','2018-06-22'),(27,'Belgium','Tunisia','Spartak Stadium','2018-06-23'),(28,'South Korea','Mexico','Rostov Arena','2018-06-23'),(29,'Germany','Sweden','Fisht Stadium','2018-06-23'),(30,'England','Panama','Nizhny Novgorod Stadium','2018-06-24'),(31,'Japan','Senegal','Ekaterinburg Arena','2018-06-24'),(32,'Poland','Colombia','Kazan Arena','2018-06-24'),(33,'Saudi Arabia','Egypt','Volgograd Arena','2018-06-25'),(34,'Uruguay','Russia','Samara Arena','2018-06-25'),(35,'Iran','Portugal','Mordovia Arena','2018-06-25'),(36,'Spain','Morocco','Kaliningrad Stadium','2018-06-25'),(37,'Australia','Peru','Fisht Stadium','2018-06-26'),(38,'Denmark','France','Luzhniki Stadium','2018-06-26'),(39,'Nigeria','Argentina','Saint Petersburg Stadium','2018-06-26'),(40,'Iceland','Croatia','Rostov Arena','2018-06-26'),(41,'Mexico','Sweden','Ekaterinburg Arena','2018-06-27'),(42,'South Korea','Germany','Kazan Arena','2018-06-27'),(43,'Switzerland','Costa Rica','Nizhny Novgorod Stadium','2018-06-27'),(44,'Serbia','Brazil','Spartak Stadium','2018-06-27'),(45,'Senegal','Colombia','Samara Arena','2018-06-28'),(46,'Japan','Poland','Volgograd Arena','2018-06-28'),(47,'England','Belgium','Kaliningrad Stadium','2018-06-28'),(48,'Panama','Tunisia','Mordovia Arena','2018-06-28');
/*!40000 ALTER TABLE `matchups` ENABLE KEYS */;
UNLOCK TABLES;

--
-- Table structure for table `player`
--

DROP TABLE IF EXISTS `player`;
/*!40101 SET @saved_cs_client     = @@character_set_client */;
/*!40101 SET character_set_client = utf8 */;
CREATE TABLE `player` (
  `playerID` int(10) unsigned NOT NULL AUTO_INCREMENT,
  `playerName` varchar(40) NOT NULL,
  `teamName` varchar(20) NOT NULL,
  `position` enum('Goalkeeper','Defender','Midfielder','Forward') NOT NULL,
  `DOB` date NOT NULL,
  PRIMARY KEY (`playerID`),
  KEY `teamName` (`teamName`),
  CONSTRAINT `player_ibfk_1` FOREIGN KEY (`teamName`) REFERENCES `team` (`teamname`)
) ENGINE=InnoDB AUTO_INCREMENT=739 DEFAULT CHARSET=utf8mb4 COLLATE=utf8mb4_0900_ai_ci;
/*!40101 SET character_set_client = @saved_cs_client */;

--
-- Dumping data for table `player`
--

LOCK TABLES `player` WRITE;
/*!40000 ALTER TABLE `player` DISABLE KEYS */;
INSERT INTO `player` VALUES (1,'Igor Akinfeev','Russia','Goalkeeper','1986-04-08'),(2,'Artem Dzyuba','Russia','Forward','1988-08-22'),(3,'Fyodor Smolov','Russia','Forward','1990-02-09'),(4,'Alan Dzagoev','Russia','Midfielder','1990-06-17'),(5,'Sergei Ignashevich','Russia','Defender','1979-07-14'),(6,'Yuri Zhirkov','Russia','Midfielder','1983-08-20'),(7,'Aleksandr Samedov','Russia','Midfielder','1984-07-19'),(8,'Aleksandr Golovin','Russia','Midfielder','1996-05-30'),(9,'Mario Figueira Fernandes','Russia','Defender','1990-09-19'),(10,'Igor Smolnikov','Russia','Defender','1988-08-08'),(11,'Aleksei Miranchuk','Russia','Midfielder','1995-10-17'),(12,'Denis Cheryshev','Russia','Midfielder','1990-12-16'),(13,'Roman Zobnin','Russia','Midfielder','1994-02-11'),(14,'Aleksander Yerokhin','Russia','Midfielder','1989-10-13'),(15,'Vladimir Gabulov','Russia','Goalkeeper','1983-10-19'),(16,'Vladimir Granat','Russia','Defender','1987-05-22'),(17,'Yury Gazinsky','Russia','Midfielder','1989-07-20'),(18,'Andrei Semyonov','Russia','Defender','1989-03-24'),(19,'Daler Kuzyayev','Russia','Midfielder','1993-01-15'),(20,'Ilya Kutepov','Russia','Defender','1993-07-29'),(21,'Fyodor Kudryashow','Russia','Defender','1987-04-05'),(22,'Anton Miranchuk','Russia','Midfielder','1995-10-17'),(23,'Andrey Lunyov','Russia','Goalkeeper','1991-11-13'),(24,'Luis Suarez','Uruguay','Forward','1987-01-24'),(25,'Edinson Cavani','Uruguay','Forward','1987-02-14'),(26,'Diego Godin','Uruguay','Defender','1986-02-16'),(27,'Fernando Muslera','Uruguay','Goalkeeper','1986-06-16'),(28,'Jose Gimenez','Uruguay','Defender','1995-01-20'),(29,'Cristian Rodriquez','Uruguay','Midfielder','1985-09-30'),(30,'Martin Caceres','Uruguay','Defender','1987-04-07'),(31,'Giorgian De Arrascaeta','Uruguay','Midfielder','1994-06-01'),(32,'Maxi Pereira','Uruguay','Defender','1984-06-08'),(33,'Carlos Andres Sanchez','Uruguay','Midfielder','1984-12-02'),(34,'Sebastian Coates','Uruguay','Defender','1990-10-07'),(35,'Rodrigo Bentancur','Uruguay','Midfielder','1997-06-25'),(36,'Cristhian Stuani','Uruguay','Forward','1986-10-12'),(37,'Matias Vecino','Uruguay','Midfielder','1991-08-24'),(38,'Guillermo Varela','Uruguay','Defender','1993-04-24'),(39,'Martin Silva','Uruguay','Goalkeeper','1983-03-25'),(40,'Lucas Torreira','Uruguay','Midfielder','1996-02-11'),(41,'Gaston Silva','Uruguay','Defender','1994-03-05'),(42,'Nahitan Nandez','Uruguay','Midfielder','1995-12-25'),(43,'Diego Laxalt','Uruguay','Midfielder','1993-02-07'),(44,'Maximiliano Gomez Gonzalez','Uruguay','Forward','1996-08-14'),(45,'Martin Campana','Uruguay','Goalkeeper','1989-05-29'),(46,'Jonathan Urretaviscaya','Uruguay','Midfielder','1990-03-19'),(47,'Mohamed Salah','Egypt','Forward','1992-06-15'),(48,'Essam El-Hadary','Egypt','Goalkeeper','1973-01-15'),(49,'Mahmoud Hassan','Egypt','Midfielder','1994-10-01'),(50,'Mohamed Elneny','Egypt','Midfielder','1992-07-11'),(51,'Abdallah Said','Egypt','Midfielder','1985-07-13'),(52,'Kahraba','Egypt','Midfielder','1994-04-13'),(53,'Shikabala','Egypt','Midfielder','1986-03-05'),(54,'Sherif Ekramy','Egypt','Goalkeeper','1983-07-10'),(55,'Ahmed Hegazi','Egypt','Defender','1991-01-25'),(56,'Mohamed El-Shenawy','Egypt','Goalkeeper','1988-12-18'),(57,'Ahmed Fathy','Egypt','Defender','1984-11-10'),(58,'Marwan Mohsen','Egypt','Forward','1989-02-26'),(59,'Ahmed Elmohamady','Egypt','Midfielder','1987-09-09'),(60,'Ramadan Sobhi','Egypt','Forward','1997-01-23'),(61,'Saad Samir','Egypt','Defender','1989-04-01'),(62,'Ali Gabr','Egypt','Defender','1989-01-10'),(63,'Mohamed Abdel-Shafy','Egypt','Defender','1985-07-01'),(64,'Omar Gaber','Egypt','Defender','1992-01-30'),(65,'Sam Morsy','Egypt','Midfielder','1991-09-10'),(66,'Amr Warda','Egypt','Midfielder','1993-09-17'),(67,'Ayman Ashraf','Egypt','Defender','1991-04-09'),(68,'Mahmoud Hamdi','Egypt','Defender','1995-06-01'),(69,'Tarek Hamed','Egypt','Midfielder','1986-04-12'),(70,'Mohammad Al-Sahlawi','Saudi Arabia','Forward','1987-01-10'),(71,'Fahad Al-Muwallad','Saudi Arabia','Forward','1994-09-14'),(72,'Osama Hawsawi','Saudi Arabia','Defender','1984-03-31'),(73,'Taisir Al-Jassim','Saudi Arabia','Midfielder','1984-07-25'),(74,'Yasser Al-Shahrani','Saudi Arabia','Defender','1992-05-25'),(75,'Yahya Al-Shehri','Saudi Arabia','Midfielder','1990-06-26'),(76,'Salem Al-Dawsari','Saudi Arabia','Midfielder','1991-08-19'),(77,'Salman Al-Faraj','Saudi Arabia','Midfielder','1989-08-01'),(78,'Omar Hawsawi','Saudi Arabia','Defender','1985-09-27'),(79,'Yasser Al-Mosailem','Saudi Arabia','Goalkeeper','1984-02-27'),(80,'Abdullah Al-Mayouf','Saudi Arabia','Goalkeeper','1987-01-23'),(81,'Abdulmalek Al-Khaibri','Saudi Arabia','Midfielder','1986-03-13'),(82,'Motaz Hawsawi','Saudi Arabia','Defender','1992-02-17'),(83,'Mansoor Al-Harbi','Saudi Arabia','Defender','1987-10-19'),(84,'Abdullah Otayf','Saudi Arabia','Midfielder','1992-08-03'),(85,'Housain Al-Moqahwi','Saudi Arabia','Midfielder','1988-01-28'),(86,'Mohammed Al-Owais','Saudi Arabia','Goalkeeper','1991-10-10'),(87,'Hattan Bahebri','Saudi Arabia','Midfielder','1992-07-16'),(88,'Mohamed Kanno','Saudi Arabia','Midfielder','1994-09-22'),(89,'Muhannad Assiri','Saudi Arabia','Forward','1986-10-14'),(90,'Muhammed Ak-Breik','Saudi Arabia','Defender','1992-09-15'),(91,'Abdullah Al-Khaibari','Saudi Arabia','Midfielder','1996-08-16'),(92,'Ali Al-Bulaihi','Saudi Arabia','Defender','1989-11-21'),(93,'Sergio Ramos','Spain','Defender','1986-03-30'),(94,'Andres Iniesta','Spain','Midfielder','1984-05-11'),(95,'Gerard Pique','Spain','Defender','1987-02-02'),(96,'Diego Costa','Spain','Forward','1988-10-07'),(97,'David De Gea','Spain','Goalkeeper','1990-11-07'),(98,'Isco','Spain','Midfielder','1992-04-21'),(99,'David Silva','Spain','Midfielder','1986-01-08'),(100,'Thiago Alcantara','Spain','Midfielder','1991-04-11'),(101,'Sergui Busquets','Spain','Midfielder','1988-07-19'),(102,'Nacho','Spain','Defender','1990-01-18'),(103,'Marco Asensio','Spain','Midfielder','1996-01-21'),(104,'Jordi Alba','Spain','Defender','1989-03-21'),(105,'Rodrigo','Spain','Forward','1991-03-06'),(106,'Dani Carvajal','Spain','Defender','1992-01-11'),(107,'Koke','Spain','Midfielder','1992-01-08'),(108,'Iago Aspas','Spain','Forward','1987-08-01'),(109,'Pepe Reina','Spain','Goalkeeper','1982-08-31'),(110,'Cesar Azpilcueta','Spain','Defender','1989-08-28'),(111,'Alvaro Odriozola','Spain','Defender','1995-12-14'),(112,'Nacho Monreal','Spain','Defender','1986-02-26'),(113,'Kepa Arrizabalaga','Spain','Goalkeeper','1994-10-03'),(114,'Lucas Vasquez','Spain','Midfielder','1991-07-01'),(115,'Saul Niguez','Spain','Midfielder','1994-11-21'),(116,'Cristiano Ronaldo','Portugal','Forward','1985-02-05'),(117,'Pepe','Portugal','Defender','1983-02-26'),(118,'Ricardo Quaresma','Portugal','Midfielder','1983-09-26'),(119,'Rui Patricio','Portugal','Goalkeeper','1988-02-15'),(120,'Joao Moutinho','Portugal','Midfielder','1986-09-08'),(121,'Goncalo Guedes','Portugal','Midfielder','1996-11-29'),(122,'William Carvalho','Portugal','Midfielder','1992-04-07'),(123,'Bruno Alves','Portugal','Defender','1987-11-27'),(124,'Raphael Guerrerio','Portugal','Defender','1993-12-22'),(125,'Joao Mario','Portugal','Midfielder','1993-01-19'),(126,'Andre Silva','Portugal','Forward','1995-11-06'),(127,'Bernardo Silva','Portugal','Midfielder','1994-08-10'),(128,'Adrien Silva','Portugal','Midfielder','1989-03-15'),(129,'Jose Fonte','Portugal','Defender','1983-12-22'),(130,'Cedric Soares','Portugal','Defender','1991-08-31'),(131,'Bruno Fernandes','Portugal','Midfielder','1994-09-08'),(132,'Gelson Martins','Portugal','Forward','1995-05-11'),(133,'Anthony Lopes','Portugal','Goalkeeper','1990-10-01'),(134,'Manuel Fernandes','Portugal','Midfielder','1986-02-05'),(135,'Beto','Portugal','Goalkeeper','1982-05-01'),(136,'Mario Rui','Portugal','Defender','1991-05-27'),(137,'Ricardo Domingos Barbosa Pereira','Portugal','Defender','1993-10-06'),(138,'Ruben Dias','Portugal','Defender','1997-05-14'),(139,'Mehdi Taremi','Iran','Forward','1992-07-18'),(140,'Sardar Azmoun','Iran','Forward','1995-01-01'),(141,'Ramin Rezaeian','Iran','Defender','1990-03-21'),(142,'Alireza Jahanbakhsh','Iran','Forward','1993-08-11'),(143,'Alireza Beiranvand','Iran','Goalkeeper','1992-09-21'),(144,'Ashkan Dejagah','Iran','Midfielder','1986-07-05'),(145,'Reza Ghoochanne','Iran','Forward','1987-09-20'),(146,'Masoud Shojaei','Iran','Midfielder','1987-06-09'),(147,'Karim Ansarifard','Iran','Forward','1990-04-03'),(148,'Saeid Ezatolahi','Iran','Midfielder','1996-10-01'),(149,'Omid Ebrahimi','Iran','Midfielder','1987-09-15'),(150,'Ehsan Hajsadi','Iran','Midfielder','1990-02-25'),(151,'Morteza Pouralignaji','Iran','Defender','1992-04-19'),(152,'Milad Mohammadi','Iran','Defender','1993-09-29'),(153,'Amir Abedzadeh','Iran','Goalkeeper','1993-04-26'),(154,'Vahid Amirir','Iran','Midfielder','1988-04-02'),(155,'Saman Ghoddos','Iran','Forward','1993-09-06'),(156,'Mohammad Reza Khanzadeh','Iran','Defender','1991-05-11'),(157,'Mehdi Torabi','Iran','Midfielder','1994-09-10'),(158,'Mohammad Rashid Mazaheri','Iran','Goalkeeper','1989-05-18'),(159,'Pejman Montazer','Iran','Defender','1983-09-06'),(160,'Rouzbeh Cheshmi','Iran','Defender','1993-07-24'),(161,'Majid Hosseini','Iran','Defender','1996-06-20'),(162,'Medhi Benatia','Morocco','Defender','1987-04-17'),(163,'Hakim Ziyech','Morocco','Midfielder','1993-03-19'),(164,'Younes Belhanda','Morocco','Midfielder','1990-02-25'),(165,'Mbark Boussoufa','Morocco','Midfielder','1984-08-15'),(166,'Nordin Ambrabat','Morocco','Forward','1987-03-31'),(167,'Manuel da Costa','Morocco','Defender','1986-05-06'),(168,'Nabil Dirar','Morocco','Midfielder','1986-02-25'),(169,'Karim El Ahmadi','Morocco','Midfielder','1985-01-27'),(170,'Faycal Fajr','Morocco','Midfielder','1988-08-01'),(171,'Mehdi Carcela','Morocco','Midfielder','1989-07-01'),(172,'Munir Muhand Mohamedi','Morocco','Goalkeeper','1989-05-10'),(173,'Amine Harit','Morocco','Midfielder','1997-06-18'),(174,'Achraf Hakimi','Morocco','Defender','1998-11-04'),(175,'Yassine Bounou','Morocco','Goalkeeper','1991-04-05'),(176,'Sofyan Amrabat','Morocco','Midfielder','1996-08-21'),(177,'Aziz Bouhaddouz','Morocco','Forward','1987-03-30'),(178,'Hamza Mendyl','Morocco','Defender','1997-10-21'),(179,'Khalid Boutaib','Morocco','Forward','1987-04-24'),(180,'Youssef Ait Bennasser','Morocco','Midfielder','1996-07-07'),(181,'Youssef En-Nesyri','Morocco','Forward','1997-06-01'),(182,'Romain Saiss','Morocco','Midfielder','1990-03-26'),(183,'Ayoub El Kaabi','Morocco','Forward','1993-06-25'),(184,'Ahmed Reda Tagnaouti','Morocco','Goalkeeper','1996-04-05'),(185,'Antoine Griezmann','France','Forward','1991-03-21'),(186,'Paul Pogba','France','Midfielder','1993-03-15'),(187,'Olivier Giroud','France','Forward','1986-09-30'),(188,'Kylian Mbappe','France','Forward','1998-12-20'),(189,'Hugo Lloris','France','Goalkeeper','1986-12-26'),(190,'Nabil Fekir','France','Forward','1993-07-18'),(191,'Ousmane Dembele','France','Forward','1997-05-15'),(192,'NGolo Kante','France','Midfielder','1991-03-29'),(193,'Blaise Matuidi','France','Midfielder','1987-04-09'),(194,'Benjamin Pavard','France','Defender','1996-03-28'),(195,'Raphael Varane','France','Defender','1993-04-25'),(196,'Lucas Hernandez','France','Defender','1996-02-14'),(197,'Adil Rami','France','Defender','1985-12-27'),(198,'Samuel Umtiti','France','Defender','1993-11-14'),(199,'Florian Thauvin','France','Forward','1993-01-26'),(200,'Corentin Tolisso','France','Midfielder','1994-08-03'),(201,'Steve Mandanda','France','Goalkeeper','1985-03-28'),(202,'Benjamin Mendy','France','Defender','1994-07-17'),(203,'Steven Nzonzi','France','Midfielder','1988-12-15'),(204,'Thomas Lemar','France','Midfielder','1995-11-12'),(205,'Presnel Kimpembe','France','Defender','1995-08-13'),(206,'Djibril Sidibe','France','Defender','1992-07-29'),(207,'Alphonse Areola','France','Goalkeeper','1993-02-27'),(208,'Christian Eriksen','Denmark','Midfielder','1992-02-14'),(209,'Simon Kjær','Denmark','Defender','1989-03-26'),(210,'Kasper Schmeichel','Denmark','Goalkeeper','1986-11-05'),(211,'Yussuf Poulsen','Denmark','Forward','1994-06-15'),(212,'Nicolai Jorgensen','Denmark','Forward','1991-01-15'),(213,'William Kvist','Denmark','Midfielder','1985-02-24'),(214,'Thomas Delaney','Denmark','Midfielder','1991-09-03'),(215,'Michael Krohn-Dehli','Denmark','Midfielder','1983-06-06'),(216,'Andreas Christensen','Denmark','Defender','1996-04-10'),(217,'Lasse Schone','Denmark','Midfielder','1986-05-27'),(218,'Andreas','Denmark','Forward','1993-03-16'),(219,'Viktor Fischer','Denmark','Midfielder','1994-06-09'),(220,'Mathias Jorgensen','Denmark','Defender','1990-04-23'),(221,'Jannik Vestegarrd','Denmark','Defender','1992-08-03'),(222,'Martin Braithwaite','Denmark','Forward','1991-06-05'),(223,'Jonas Lossl','Denmark','Goalkeeper','1989-02-01'),(224,'Kasper Dolberg','Denmark','Forward','1997-10-06'),(225,'Pione Sisto','Denmark','Forward','1995-02-04'),(226,'Henrik Dalsgaard','Denmark','Defender','1989-07-27'),(227,'Jens Stryger Larsen','Denmark','Defender','1991-02-21'),(228,'Jonas Knudsen','Denmark','Defender','1992-09-16'),(229,'Frederik Ronnow','Denmark','Goalkeeper','1992-08-04'),(230,'Lukas Lerager','Denmark','Midfielder','1993-07-12'),(231,'Tim Cahill','Australia','Forward','1979-12-06'),(232,'Mile Jedinak','Australia','Midfielder','1984-08-03'),(233,'Mathew Leckie','Australia','Midfielder','1991-02-04'),(234,'Aaron Mooy','Australia','Midfielder','1990-09-15'),(235,'Daniel Arzani','Australia','Midfielder','1999-01-04'),(236,'Mathew Ryan','Australia','Goalkeeper','1992-04-08'),(237,'Massimo Luongo','Australia','Midfielder','1992-09-25'),(238,'Tom Rogic','Australia','Midfielder','1992-12-16'),(239,'Mark Milligan','Australia','Midfielder','1985-08-04'),(240,'Robbie Kruse','Australia','Forward','1988-10-05'),(241,'Jamie Maclaren','Australia','Forward','1993-07-29'),(242,'Trent Sainsbury','Australia','Defender','1992-01-05'),(243,'Tomi Juric','Australia','Forward','1991-07-22'),(244,'Andrew Nabbout','Australia','Midfielder','1992-12-17'),(245,'Brad Jones','Australia','Goalkeeper','1982-03-19'),(246,'Josh Risdon','Australia','Defender','1992-07-27'),(247,'Aziz Behich','Australia','Defender','1990-12-16'),(248,'Jackson Irvine','Australia','Midfielder','1993-03-07'),(249,'James Meredith','Australia','Defender','1988-04-05'),(250,'Milos Degenek','Australia','Defender','1994-04-28'),(251,'Matthew Jurman','Australia','Defender','1989-12-08'),(252,'Danny Vukovic','Australia','Goalkeeper','1985-03-27'),(253,'Dimitri Petratos','Australia','Forward','1992-11-10'),(254,'Paolo Guerrero','Peru','Forward','1984-01-01'),(255,'Jefferson Farfan','Peru','Forward','1984-10-26'),(256,'Christian Cueva','Peru','Midfielder','1991-10-23'),(257,'Raul Ruidiaz','Peru','Forward','1990-07-25'),(258,'Andre Carrillo','Peru','Forward','1991-06-14'),(259,'Pedro Gallese','Peru','Goalkeeper','1990-02-23'),(260,'Miguel Trauco','Peru','Defender','1992-08-25'),(261,'Edison Flores','Peru','Midfielder','1994-05-14'),(262,'Alberto Junior Rodriguez','Peru','Defender','1984-03-31'),(263,'Luis Advincula','Peru','Defender','1990-03-02'),(264,'Yoshimar Yotun','Peru','Midfielder','1990-05-20'),(265,'Renato Tapia','Peru','Midfielder','1995-07-28'),(266,'Aldo Corzo','Peru','Defender','1989-05-20'),(267,'Christian Ramos','Peru','Defender','1988-11-04'),(268,'Paolo Hurtado','Peru','Midfielder','1990-07-27'),(269,'Miguel Araujo','Peru','Defender','1994-10-24'),(270,'Wilder Cartagena','Peru','Midfielder','1994-09-23'),(271,'Jose Carvallo','Peru','Goalkeeper','1986-03-01'),(272,'Anderson Santamaria','Peru','Defender','1992-01-10'),(273,'Nilson Loyola','Peru','Defender','1994-10-26'),(274,'Andy Polo','Peru','Forward','1994-09-29'),(275,'Pedro Aquino Sanchez','Peru','Midfielder','1995-04-13'),(276,'Carlos Caceda','Peru','Goalkeeper','1991-09-27'),(277,'Luka Modric','Croatia','Midfielder','1985-09-09'),(278,'Ivan Rakitic','Croatia','Midfielder','1988-03-10'),(279,'Mario Mandzukic','Croatia','Forward','1986-05-21'),(280,'Ivan Peristic','Croatia','Midfielder','1989-02-02'),(281,'Mateo Kovacic','Croatia','Midfielder','1994-05-06'),(282,'Vedran Corluka','Croatia','Defender','1986-02-05'),(283,'Marko Pjaca','Croatia','Forward','1995-05-06'),(284,'Nikola Kalinic','Croatia','Forward','1988-01-05'),(285,'Dejan Lovren','Croatia','Defender','1989-07-05'),(286,'Denijel Subasic','Croatia','Goalkeeper','1984-10-27'),(287,'Marcelo Brozovic','Croatia','Midfielder','1992-11-16'),(288,'Domagoj Vida','Croatia','Defender','1989-04-29'),(289,'Andrej Kramaric','Croatia','Forward','1991-06-19'),(290,'Sime Vrsaljko','Croatia','Defender','1992-01-10'),(291,'Milan Badelj','Croatia','Midfielder','1989-02-25'),(292,'Ivan Strinic','Croatia','Defender','1987-07-17'),(293,'Ante Rebic','Croatia','Forward','1993-09-21'),(294,'Tin Jedvaj','Croatia','Defender','1995-11-28'),(295,'Lovre Kalinic','Croatia','Goalkeeper','1990-04-03'),(296,'Dominik Livakovic','Croatia','Goalkeeper','1995-01-09'),(297,'Dulje Caleta-Car','Croatia','Defender','1996-09-17'),(298,'Josip Pivaric','Croatia','Defender','1989-01-30'),(299,'Filip Bradaric','Croatia','Midfielder','1992-01-11'),(300,'John Obi Mikel','Nigeria','Midfielder','1987-04-22'),(301,'Victor Moses','Nigeria','Midfielder','1990-12-12'),(302,'Kelechi Iheanacho','Nigeria','Forward','1996-10-03'),(303,'Ahmed Musa','Nigeria','Forward','1992-10-14'),(304,'Ogenyi Onazi','Nigeria','Midfielder','1992-12-25'),(305,'Odion Ighalo','Nigeria','Forward','1989-06-16'),(306,'Kenneth Omeruo','Nigeria','Defender','1993-10-17'),(307,'Oghenekaro Etebo','Nigeria','Midfielder','1995-11-09'),(308,'Leon Balogun','Nigeria','Defender','1988-06-28'),(309,'Alex Iwobi','Nigeria','Midfielder','1996-05-03'),(310,'Elderson Echiejile','Nigeria','Defender','1988-01-20'),(311,'John Ogu','Nigeria','Midfielder','1988-04-20'),(312,'William Troost-Ekong','Nigeria','Defender','1993-09-01'),(313,'Shehu Abdullahi','Nigeria','Defender','1993-03-12'),(314,'Simeon Tochukwu Nwankwo','Nigeria','Forward','1992-05-07'),(315,'Wilfred Ndidi','Nigeria','Midfielder','1996-12-16'),(316,'Joel Obi','Nigeria','Midfielder','1991-05-22'),(317,'Daniel Akpeyi','Nigeria','Goalkeeper','1986-08-03'),(318,'Tyronne Ebuehi','Nigeria','Defender','1995-12-16'),(319,'Brian Idowu','Nigeria','Defender','1992-05-18'),(320,'Ikechukwu Ezenwa','Nigeria','Goalkeeper','1988-10-16'),(321,'Chidozie Awaziem','Nigeria','Defender','1997-01-01'),(322,'Francis Uzoho','Nigeria','Goalkeeper','1998-10-28'),(323,'Gytfi Sigurosson','Iceland','Midfielder','1989-09-08'),(324,'Aron Gunnarsson','Iceland','Midfielder','1989-04-22'),(325,'Birkir Bjarnason','Iceland','Midfielder','1988-05-27'),(326,'Ragnar Sigurosson','Iceland','Defender','1986-06-19'),(327,'Hannes Por Halldorsson','Iceland','Goalkeeper','1984-04-27'),(328,'Kari Arnason','Iceland','Midfielder','1982-10-13'),(329,'Johann Berg Gudmundsson','Iceland','Midfielder','1990-10-27'),(330,'Jon Daoi Boovarsson','Iceland','Forward','1992-05-25'),(331,'Alfred Finnbogason','Iceland','Forward','1989-02-01'),(332,'Birkir Mar Sævarsson','Iceland','Defender','1984-11-11'),(333,'Ari Freyr Skulason','Iceland','Defender','1987-05-14'),(334,'Sverrir Ingi Ingason','Iceland','Defender','1993-08-05'),(335,'Emil Hallfredsson','Iceland','Midfielder','1984-06-29'),(336,'Hordur Bjorgvin Magnusson','Iceland','Defender','1993-02-11'),(337,'Rurik Gislason','Iceland','Forward','1988-02-25'),(338,'Holmar Orn Eyjolfsson','Iceland','Defender','1990-08-06'),(339,'Olafur Ingi Skulason','Iceland','Midfielder','1983-04-01'),(340,'Bjorn Bergmann Sigurdarson','Iceland','Forward','1991-02-26'),(341,'Runar Alex Runarsson','Iceland','Goalkeeper','1995-02-18'),(342,'Arnor Ingvi Traustason','Iceland','Midfielder','1993-04-30'),(343,'Frederik Schram','Iceland','Goalkeeper','1995-02-19'),(344,'Albert Gudmundsson','Iceland','Forward','1997-06-15'),(345,'Samuel Fridjonsson','Iceland','Midfielder','1996-02-22'),(346,'Lionel Messi','Argentina','Forward','1987-06-24'),(347,'Paulo Dybala','Argentina','Forward','1993-11-15'),(348,'Gonzalo Huguain','Argentina','Forward','1981-09-28'),(349,'Sergio Aguero','Argentina','Forward','1988-06-02'),(350,'Angel Di Maria','Argentina','Midfielder','1988-02-14'),(351,'Javier Mascherano','Argentina','Defender','1984-06-08'),(352,'Franco Armani','Argentina','Goalkeeper','1986-10-16'),(353,'Cristian Pavon','Argentina','Forward','1996-01-21'),(354,'Maximiliano Meza','Argentina','Midfielder','1992-01-15'),(355,'Enzo Perez','Argentina','Midfielder','1986-02-22'),(356,'Willy Caballero','Argentina','Goalkeeper','1981-09-28'),(357,'Marcos Rojo','Argentina','Defender','1990-03-20'),(358,'Ever Banega','Argentina','Midfielder','1988-06-29'),(359,'Lucas Biglia','Argentina','Midfielder','1986-01-30'),(360,'Giovani Lo Celso','Argentina','Midfielder','1996-04-09'),(361,'Nicolas Otamendi','Argentina','Defender','1988-02-12'),(362,'Cristian Ansaldi','Argentina','Defender','1986-09-20'),(363,'Eduardo Salvio','Argentina','Midfielder','1990-07-13'),(364,'Federico Fazio','Argentina','Defender','1987-03-17'),(365,'Nicolas Tagliafico','Argentina','Defender','1992-08-31'),(366,'Nahuel Guzman','Argentina','Goalkeeper','1986-02-10'),(367,'Marcos Acuna','Argentina','Forward','1991-10-28'),(368,'Gabriel Mercado','Argentina','Defender','1987-03-18'),(369,'Neymar','Brazil','Forward','1992-02-05'),(370,'Marcelo Vieira','Brazil','Defender','1988-05-12'),(371,'Philippe Coutinho','Brazil','Midfielder','1992-06-12'),(372,'Alisson Becker','Brazil','Goalkeeper','1992-10-02'),(373,'Frederico Rodrigues','Brazil','Midfielder','1993-03-05'),(374,'Gabriel Jesus','Brazil','Forward','1997-04-03'),(375,'Thiago Silva','Brazil','Defender','1984-09-22'),(376,'Roberto Firmino','Brazil','Forward','1991-10-02'),(377,'Paulinho','Brazil','Midfielder','1988-06-25'),(378,'Willian Borges da Silva','Brazil','Forward','1988-08-09'),(379,'Casemiro','Brazil','Midfielder','1992-02-23'),(380,'Douglas Costa','Brazil','Midfielder','1990-09-14'),(381,'Danilo','Brazil','Defender','1991-07-15'),(382,'Fernandinho','Brazil','Midfielder','1985-05-04'),(383,'Renato Augusto','Brazil','Midfielder','1988-02-08'),(384,'Ederson Santana de Moraes','Brazil','Goalkeeper','1993-08-17'),(385,'Taison','Brazil','Midfielder','1988-01-13'),(386,'Filipe Luis','Brazil','Defender','1985-08-09'),(387,'Marquinhos','Brazil','Defender','1994-05-14'),(388,'Miranda','Brazil','Defender','1984-09-07'),(389,'Pedro Geromel','Brazil','Defender','1985-09-21'),(390,'Fagner Conserva Lemos','Brazil','Defender','1989-06-11'),(391,'Cassio Ramos','Brazil','Goalkeeper','1987-06-06'),(392,'Xherdan Shaqiri','Switzerland','Midfielder','1991-10-10'),(393,'Granit Xhaka','Switzerland','Midfielder','1992-09-27'),(394,'Stephan Lichtsteiner','Switzerland','Defender','1984-01-16'),(395,'Yann Sommer','Switzerland','Goalkeeper','1988-12-17'),(396,'Valon Behrami','Switzerland','Midfielder','1985-04-19'),(397,'Blerim Dzemaili','Switzerland','Midfielder','1986-04-12'),(398,'Breel Embolo','Switzerland','Forward','1997-02-14'),(399,'Haris Seferovic','Switzerland','Forward','1992-02-22'),(400,'Ricardo Rodríguez','Switzerland','Defender','1992-08-25'),(401,'Fabian Schär','Switzerland','Defender','1991-12-20'),(402,'Johan Djourou','Switzerland','Defender','1987-01-18'),(403,'Roman Bürki','Switzerland','Goalkeeper','1990-11-14'),(404,'Josip Drmic','Switzerland','Forward','1992-08-08'),(405,'Gelson Fernandes','Switzerland','Midfielder','1986-09-02'),(406,'Nico Elvedi','Switzerland','Defender','1996-09-30'),(407,'Michael Lang','Switzerland','Defender','1991-02-08'),(408,'François Moubandje','Switzerland','Defender','1990-06-21'),(409,'Mario Gavranovic','Switzerland','Forward','1989-11-24'),(410,'Yvon Mvogo','Switzerland','Goalkeeper','1994-06-06'),(411,'Steven Zuber','Switzerland','Midfielder','1991-08-17'),(412,'Denis Zakaria','Switzerland','Midfielder','1996-11-20'),(413,'Remo Freuler','Switzerland','Midfielder','1992-04-15'),(414,'Manuel Akanji','Switzerland','Defender','1995-07-19'),(415,'Branislav Ivanovic','Serbia','Defender','1984-02-22'),(416,'Aleksandar Mitrovic','Serbia','Forward','1994-09-16'),(417,'Aleksandar Kolarov','Serbia','Defender','1985-09-10'),(418,'Nemanja Matic','Serbia','Midfielder','1988-08-01'),(419,'Dusan Tadic','Serbia','Midfielder','1988-11-20'),(420,'Sergej Milinkovic-Savic','Serbia','Midfielder','1995-02-27'),(421,'Vladimir Stojkovic','Serbia','Goalkeeper','1983-07-28'),(422,'Adem Ljajic','Serbia','Forward','1991-09-21'),(423,'Luka Milivojevic','Serbia','Midfielder','1991-04-07'),(424,'Marko Grujic','Serbia','Midfielder','1996-04-13'),(425,'Antonio Rukavina','Serbia','Defender','1984-01-26'),(426,'Dusko Tosic','Serbia','Defender','1985-01-19'),(427,'Filip Kostic','Serbia','Midfielder','1992-11-01'),(428,'Predrag Rajkovic','Serbia','Goalkeeper','1995-10-31'),(429,'Milos Veljkovic','Serbia','Defender','1995-09-26'),(430,'Andrija Zivkovic','Serbia','Midfielder','1996-07-11'),(431,'Marko Dmitrovic','Serbia','Goalkeeper','1992-01-24'),(432,'Nikola Milenkovic','Serbia','Defender','1997-10-12'),(433,'Nemanja Radonjic','Serbia','Forward','1996-02-15'),(434,'Aleksandar PRijovic','Serbia','Forward','1990-04-21'),(435,'Luka Jovic','Serbia','Forward','1997-12-23'),(436,'Uros Spajic','Serbia','Defender','1993-02-13'),(437,'Milan Rodic','Serbia','Defender','1991-04-02'),(438,'Keylor Navas','Costa Rica','Goalkeeper','1986-12-15'),(439,'Bryan Ruiz','Costa Rica','Forward','1985-08-18'),(440,'Joel Campbell','Costa Rica','Forward','1992-06-26'),(441,'Celso Borges','Costa Rica','Midfielder','1988-05-27'),(442,'Christian Bolanos','Costa Rica','Midfielder','1984-05-17'),(443,'Cristian Gamboa','Costa Rica','Defender','1989-10-24'),(444,'Marco Urena','Costa Rica','Forward','1990-03-05'),(445,'Oscar Duarte','Costa Rica','Defender','1989-06-03'),(446,'Giancarlo Gonzalez','Costa Rica','Defender','1988-02-08'),(447,'Kendall Waston','Costa Rica','Defender','1988-01-01'),(448,'Johan Venegas','Costa Rica','Midfielder','1988-11-27'),(449,'Johnny Acosta','Costa Rica','Defender','1983-07-21'),(450,'Yeltsin Tejeda','Costa Rica','Midfielder','1992-03-17'),(451,'Randall Azofeifa','Costa Rica','Midfielder','1984-12-30'),(452,'Bryan Oviedo','Costa Rica','Defender','1980-02-18'),(453,'Patrick Pemberton','Costa Rica','Goalkeeper','1982-04-24'),(454,'David Guzman','Costa Rica','Midfielder','1980-02-18'),(455,'Francisco Calvo','Costa Rica','Defender','1992-07-08'),(456,'Rodney Wallace','Costa Rica','Midfielder','1988-06-17'),(457,'Daniel Colindres','Costa Rica','Forward','1985-01-10'),(458,'Leonel Moreira','Costa Rica','Goalkeeper','1990-04-04'),(459,'Ronald Matarrita','Costa Rica','Defender','1994-07-09'),(460,'Ian Smith','Costa Rica','Defender','1998-03-06'),(461,'Kenner Gutierrez','Costa Rica','Defender','1989-06-09'),(462,'Emil Forsberg','Sweden','Midfielder','1991-10-23'),(463,'Andreas Granqvist','Sweden','Defender','1985-04-16'),(464,'John Guidetti','Sweden','Forward','1992-04-15'),(465,'Marcus Berg','Sweden','Forward','1986-08-17'),(466,'Sebastian Larsson','Sweden','Midfielder','1985-06-06'),(467,'Victor Lindelöf','Sweden','Defender','1994-07-17'),(468,'Jimmy Durmaz','Sweden','Midfielder','1989-03-22'),(469,'Albin Ekdal','Sweden','Midfielder','1989-07-28'),(470,'Mikael Lustig','Sweden','Defender','1986-12-13'),(471,'Martin Olsson','Sweden','Defender','1988-05-17'),(472,'Ola Toivonen','Sweden','Forward','1986-07-03'),(473,'Oscar Hiljemark','Sweden','Midfielder','1992-06-28'),(474,'Robin Olsen','Sweden','Goalkeeper','1990-01-08'),(475,'Isaac Kiese Thelin','Sweden','Forward','1992-06-24'),(476,'Ludwig Augustinsson','Sweden','Defender','1994-04-21'),(477,'Viktor Claesson','Sweden','Midfielder','1992-01-02'),(478,'Pontus Jansson','Sweden','Defender','1991-02-13'),(479,'Emil Krafth','Sweden','Defender','1994-08-02'),(480,'Kristoffer Nordfeldt','Sweden','Goalkeeper','1989-06-23'),(481,'Filip Helander','Sweden','Defender','1993-04-22'),(482,'Marcus Rohdén','Sweden','Midfielder','1991-05-11'),(483,'Gustav Svensson','Sweden','Midfielder','1987-02-07'),(484,'Karl-Johan Johnsson','Sweden','Goalkeeper','1990-01-28'),(485,'Javier Hernandez','Mexico','Forward','1988-06-01'),(486,'Hector Herrera','Mexico','Midfielder','1990-04-19'),(487,'Guillermo Ochoa','Mexico','Goalkeeper','1985-07-13'),(488,'Rafael Marquez','Mexico','Defender','1979-02-13'),(489,'Giovani dos Santos','Mexico','Forward','1989-05-11'),(490,'Andres Guardado','Mexico','Midfielder','1986-09-28'),(491,'Carlos Vela','Mexico','Forward','1989-03-01'),(492,'Hirving Lozano','Mexico','Forward','1995-07-30'),(493,'Oribe Peralta','Mexico','Forward','1984-01-12'),(494,'Raul Jimenez','Mexico','Forward','1991-05-05'),(495,'Miguel Layun','Mexico','Defender','1988-06-25'),(496,'Jesus Manuel Corona','Mexico','Forward','1993-01-06'),(497,'Hector Moreno','Mexico','Defender','1988-01-17'),(498,'Marco Fabian','Mexico','Midfielder','1989-07-21'),(499,'Jose de Jesus Corona','Mexico','Goalkeeper','1981-01-26'),(500,'Carlos Salcedo','Mexico','Defender','1993-09-29'),(501,'Erick Gutierrez','Mexico','Midfielder','1995-06-15'),(502,'Jonathan dos Santos','Mexico','Midfielder','1990-04-26'),(503,'Javier Aquino','Mexico','Midfielder','1990-02-11'),(504,'Alfredo Talavera','Mexico','Goalkeeper','1982-09-18'),(505,'Hugo Ayala','Mexico','Defender','1987-03-31'),(506,'Jesus Gallardo','Mexico','Midfielder','1994-08-15'),(507,'Edson Alvarez','Mexico','Defender','1997-10-24'),(508,'Mesut Ozil','Germany','Midfielder','1988-10-15'),(509,'Manuel Neuer','Germany','Goalkeeper','1986-03-27'),(510,'Thomas Muller','Germany','Forward','1989-09-13'),(511,'Marco Reus','Germany','Forward','1989-05-31'),(512,'Toni Kroos','Germany','Midfielder','1990-01-04'),(513,'Mario Gomez','Germany','Forward','1985-07-10'),(514,'Mats Hummels','Germany','Defender','1988-12-16'),(515,'Jerome Boateng','Germany','Defender','1988-09-03'),(516,'Sami Khedira','Germany','Midfielder','1987-04-04'),(517,'Julian Draxler','Germany','Midfielder','1993-09-20'),(518,'Joshua Kimmich','Germany','Defender','1995-02-08'),(519,'Timo Werner','Germany','Forward','1996-03-06'),(520,'Marc-Andre ter Stegen','Germany','Goalkeeper','1992-04-30'),(521,'ilkay Gundogan','Germany','Midfielder','1990-10-24'),(522,'Jonas Hector','Germany','Midfielder','1990-05-27'),(523,'Kevin Trapp','Germany','Goalkeeper','1990-07-08'),(524,'Julian Brandt','Germany','Forward','1996-05-02'),(525,'Antonio Rudiger','Germany','Defender','1993-03-03'),(526,'Leon Goretzka','Germany','Midfielder','1995-02-06'),(527,'Matthias Ginter','Germany','Defender','1994-01-19'),(528,'Marvin Plattenhardt','Germany','Defender','1992-01-26'),(529,'Sebastian Rudy','Germany','Midfielder','1990-02-28'),(530,'Niklas Sule','Germany','Defender','1995-09-03'),(531,'Son Heung-min','South Korea','Forward','1992-07-08'),(532,'Ki Sung-yueng','South Korea','Midfielder','1989-01-24'),(533,'Koo Ja-Cheol','South Korea','Midfielder','1989-02-27'),(534,'Kim Shin-wook','South Korea','Forward','1988-04-14'),(535,'Kim Young-gwon','South Korea','Defender','1990-02-27'),(536,'Kim Seung-gyu','South Korea','Goalkeeper','1990-09-30'),(537,'Jang Hyun-soo','South Korea','Defender','1991-09-28'),(538,'Park Joo-ho','South Korea','Defender','1987-01-16'),(539,'Lee Seung-woo','South Korea','Forward','1998-01-06'),(540,'Lee Jae-sung','South Korea','Midfielder','1992-08-10'),(541,'Kim Jin-hyeon','South Korea','Goalkeeper','1987-07-06'),(542,'Kim Min-woo','South Korea','Midfielder','1990-02-25'),(543,'Lee Yong','South Korea','Defender','1986-12-24'),(544,'Hong Chul','South Korea','Defender','1990-09-17'),(545,'Hwang Hee-chan','South Korea','Forward','1996-01-26'),(546,'Jeong Seung-Hyeon','South Korea','Defender','1994-04-03'),(547,'Jung Woo-young','South Korea','Midfielder','1989-12-14'),(548,'Moon Seon-min','South Korea','Midfielder','1992-06-09'),(549,'Cho Hyun-woo','South Korea','Goalkeeper','1991-09-25'),(550,'Ju Se-jong','South Korea','Midfielder','1990-10-30'),(551,'Go Yo-Han','South Korea','Midfielder','1988-03-10'),(552,'Oh Ban-suk','South Korea','Defender','1988-05-20'),(553,'Yun Young-sun','South Korea','Defender','1988-10-04'),(554,'Eden Hazard','Belgium','Forward','1997-01-07'),(555,'Romelu Lukaku','Belgium','Forward','1993-05-13'),(556,'Kevin De Bruyne','Belgium','Midfielder','1991-06-28'),(557,'Thibaut Courtois','Belgium','Goalkeeper','1992-05-11'),(558,'Vincent Kompany','Belgium','Defender','1986-04-10'),(559,'Marouane Fellaini','Belgium','Midfielder','1987-09-22'),(560,'Axel Witsel','Belgium','Midfielder','1989-01-12'),(561,'Dries Mertens','Belgium','Forward','1987-05-06'),(562,'Yannick Ferreira Carrasco','Belgium','Midfielder','1993-09-04'),(563,'Jan Vertonghen','Belgium','Defender','1987-04-24'),(564,'Toby Alderweireld','Belgium','Defender','1989-03-02'),(565,'Michy Batshuayi','Belgium','Forward','1993-10-02'),(566,'Mousa Dembele','Belgium','Midfielder','1987-07-16'),(567,'Adnan Januzaj','Belgium','Midfielder','1995-02-05'),(568,'Thomas Vermaelen','Belgium','Defender','1985-12-14'),(569,'Thomas Meunier','Belgium','Defender','1991-09-12'),(570,'Simon Mignolet','Belgium','Goalkeeper','1988-03-06'),(571,'Thorgan Hazard','Belgium','Midfielder','1993-03-29'),(572,'Nacer Chadli','Belgium','Midfielder','1989-08-02'),(573,'Dedryck Boyata','Belgium','Defender','1990-11-28'),(574,'Leander Dendoncker','Belgium','Midfielder','1995-04-15'),(575,'Youri Tielemans','Belgium','Midfielder','1997-05-07'),(576,'Koen Casteels','Belgium','Goalkeeper','1992-06-25'),(577,'Harry Kane','England','Forward','1993-07-28'),(578,'Jamie Vardy','England','Forward','1987-01-11'),(579,'Marcus Rashford','England','Forward','1997-10-31'),(580,'Dele Alli','England','Midfielder','1996-04-11'),(581,'Raheem Sterling','England','Forward','1994-12-08'),(582,'Gary Cahill','England','Defender','1985-12-19'),(583,'Danny Welbeck','England','Forward','1990-11-26'),(584,'Jordan Henderson','England','Midfielder','1990-06-17'),(585,'Jesse Lingard','England','Midfielder','1992-12-15'),(586,'Eric Dier','England','Midfielder','1994-01-15'),(587,'Trent Alexander-Arnold','England','Defender','1998-10-07'),(588,'Ruben Loftus-Cheek','England','Midfielder','1996-07-23'),(589,'Phil Jones','England','Defender','1992-04-21'),(590,'Jack Butland','England','Goalkeeper','1993-03-10'),(591,'Kyle Walker','England','Defender','1990-05-28'),(592,'John Stones','England','Defender','1994-05-28'),(593,'Danny Rose','England','Defender','1990-07-02'),(594,'Ashley Young','England','Defender','1985-07-09'),(595,'Nick Pope','England','Goalkeeper','1992-04-19'),(596,'Jordan Pickford','England','Goalkeeper','1994-03-07'),(597,'Harry Maguire','England','Defender','1993-03-05'),(598,'Fabian Delph','England','Midfielder','1989-11-21'),(599,'Kieran Trippier','England','Defender','1990-09-19'),(600,'Luis Tejada','Panama','Forward','1982-03-28'),(601,'Roman Torres','Panama','Defender','1986-03-20'),(602,'Blas Perez','Panama','Forward','1981-03-13'),(603,'Jaime Penedo','Panama','Goalkeeper','1981-09-26'),(604,'Felipe Baloy','Panama','Defender','1981-02-24'),(605,'Gabriel Enrique Gomez','Panama','Midfielder','1984-05-29'),(606,'Gabriel Torres','Panama','Forward','1988-10-31'),(607,'Armando Cooper','Panama','Midfielder','1987-11-26'),(608,'Anibal Godoy','Panama','Midfielder','1990-02-10'),(609,'Adolfo Machado','Panama','Defender','1985-02-14'),(610,'Abdiel Arroyo','Panama','Forward','1993-12-03'),(611,'Harold Cummings','Panama','Defender','1992-03-01'),(612,'Fidel Escobar','Panama','Defender','1995-01-09'),(613,'Ismael Diaz','Panama','Forward','1997-05-12'),(614,'Valentin Pimentel','Panama','Midfielder','1991-05-30'),(615,'Jose Calderon','Panama','Goalkeeper','1985-08-14'),(616,'Edgar Yoel Barcenas','Panama','Midfielder','1993-10-23'),(617,'Luis Ovalle','Panama','Defender','1988-09-07'),(618,'Erick Davis','Panama','Defender','1991-03-31'),(619,'Alex Rodriguez','Panama','Goalkeeper','1990-08-05'),(620,'Ricardo Avila','Panama','Defender','1997-01-04'),(621,'Michael Amir Murillo','Panama','Defender','1996-02-11'),(622,'Jose Luis Rodriquez','Panama','Midfielder','1998-06-19'),(623,'Wahbi Khazri','Tunisia','Forward','1991-02-08'),(624,'Ali Maaloul','Tunisia','Defender','1990-01-01'),(625,'Aymen Mathlouthi','Tunisia','Goalkeeper','1984-09-14'),(626,'Syam Ben Youssef','Tunisia','Defender','1989-03-31'),(627,'Ferjani Sassi','Tunisia','Midfielder','1992-03-18'),(628,'Fakhereedine Ben Youssef','Tunisia','Forward','1991-06-21'),(629,'Saber Khalifa','Tunisia','Forward','1986-10-14'),(630,'Naim Sliti','Tunisia','Midfielder','1992-07-27'),(631,'Farouk Ben Mustapha','Tunisia','Goalkeeper','1989-07-01'),(632,'Oussama Haddadi','Tunisia','Defender','1992-01-28'),(633,'Mouez Hassen','Tunisia','Goalkeeper','1995-03-05'),(634,'Anice Badri','Tunisia','Forward','1990-09-18'),(635,'Dylan Bronn','Tunisia','Defender','1995-06-19'),(636,'Saif-Eddine Khaoui','Tunisia','Midfielder','1995-04-27'),(637,'Bassem Srarfi','Tunisia','Midfielder','1997-06-25'),(638,'Yohan Benalouane','Tunisia','Defender','1987-03-28'),(639,'Ellyes Skhiri','Tunisia','Midfielder','1995-05-10'),(640,'Rami Bedoui','Tunisia','Defender','1990-01-19'),(641,'Yassine Meriah','Tunisia','Midfielder','1993-07-02'),(642,'Hamdi Nagguez','Tunisia','Defender','1992-10-28'),(643,'Mohamed Amine Ben Amor','Tunisia','Midfielder','1992-05-03'),(644,'Ghaylene Chaalali','Tunisia','Midfielder','1994-02-28'),(645,'Ahmed Khalil','Tunisia','Midfielder','1994-12-21'),(646,'Keisuke Honda','Japan','Midfielder','1986-06-13'),(647,'Shinji Kagawa','Japan','Midfielder','1989-03-17'),(648,'Yuto Nagatomo','Japan','Defender','1986-09-12'),(649,'Takashi Inui','Japan','Midfielder','1988-06-02'),(650,'Shinji Okazaki','Japan','Forward','1986-04-16'),(651,'Makoto Hasebe','Japan','Midfielder','1984-01-18'),(652,'Yuya Osako','Japan','Forward','1990-05-18'),(653,'Gaku Shibasaki','Japan','Midfielder','1992-05-28'),(654,'Yoshinori Muto','Japan','Forward','1992-06-15'),(655,'Maya Yoshida','Japan','Defender','1988-08-24'),(656,'Gotoku Sakai','Japan','Defender','1991-03-14'),(657,'Hiroki Sakai','Japan','Defender','1990-04-12'),(658,'Takashi Usami','Japan','Midfielder','1992-05-06'),(659,'Eiji Kawashima','Japan','Goalkeeper','1983-03-20'),(660,'Tomoaki Makino','Japan','Defender','1987-05-11'),(661,'Genki Haraguchi','Japan','Midfielder','1991-05-09'),(662,'Ryota Oshima','Japan','Midfielder','1993-01-23'),(663,'Hotaru Yamaguchi','Japan','Midfielder','1990-10-06'),(664,'Gen Shoji','Japan','Defender','1992-12-11'),(665,'Masaaki Higashiguchi','Japan','Goalkeeper','1986-05-12'),(666,'Kosuke Nakamura','Japan','Goalkeeper','1995-02-27'),(667,'Wataru Endo','Japan','Defender','1993-02-09'),(668,'Naomichi Ueda','Japan','Defender','1994-10-24'),(669,'Sadio Mane','Senegal','Forward','1992-04-10'),(670,'Kalidou Koulibaly','Senegal','Defender','1991-06-20'),(671,'Moussa Sow','Senegal','Forward','1986-01-19'),(672,'Cheikhou Kouyate','Senegal','Midfielder','1989-12-21'),(673,'Idrissa Gueye','Senegal','Midfielder','1989-09-26'),(674,'Mame Biram Diouf','Senegal','Forward','1987-12-16'),(675,'Kara Mbodji','Senegal','Midfielder','1989-11-11'),(676,'Pape Moussa Konate','Senegal','Forward','1993-04-03'),(677,'Keita Balde Diao','Senegal','Forward','1995-03-08'),(678,'Salif Sane','Senegal','Defender','1990-08-25'),(679,'Lamine Gassama','Senegal','Defender','1989-10-20'),(680,'Cheikh NDoye','Senegal','Midfielder','1986-03-29'),(681,'Badou NDiaye','Senegal','Midfielder','1990-10-27'),(682,'Alfred NDiaye','Senegal','Midfielder','1990-03-06'),(683,'Diafra Sakho','Senegal','Forward','1989-12-24'),(684,'Khadim NDiaye','Senegal','Goalkeeper','1985-04-05'),(685,'MBaye Niang','Senegal','Forward','1994-12-19'),(686,'Saliou Ciss','Senegal','Defender','1989-09-15'),(687,'Ismaila Sarr','Senegal','Forward','1998-02-25'),(688,'Youssouf Sabaly','Senegal','Defender','1993-03-05'),(689,'Alfred Gomis','Senegal','Goalkeeper','1993-09-05'),(690,'Moussa Wague','Senegal','Defender','1998-10-04'),(691,'Abdoulaye Diallo','Senegal','Goalkeeper','1992-03-30'),(692,'Adama Mbengue','Senegal','Defender','1993-12-01'),(693,'Robert Lewandowksi','Poland','Forward','1988-08-21'),(694,'Jakub Blaszczykowski','Poland','Midfielder','1985-12-14'),(695,'Arkadiusz Milik','Poland','Forward','1994-02-28'),(696,'Kamil Glik','Poland','Defender','1988-02-03'),(697,'Grzegorz Krychowiak','Poland','Midfielder','1990-01-29'),(698,'Lukasz Piszczek','Poland','Defender','1985-06-03'),(699,'Kamil Grosicki','Poland','Forward','1988-06-08'),(700,'Wojciech Szczesny','Poland','Goalkeeper','1990-04-18'),(701,'Lukasz Fabianski','Poland','Goalkeeper','1985-04-18'),(702,'Piotr Zielinski','Poland','Midfielder','1994-05-20'),(703,'Michal Pazdan','Poland','Defender','1987-09-21'),(704,'Slawomir Peszko','Poland','Midfielder','1985-02-19'),(705,'Artur Jedrezjczyk','Poland','Defender','1987-11-04'),(706,'Thiago Cionek','Poland','Defender','1986-04-21'),(707,'Karol Linetty','Poland','Midfielder','1995-02-02'),(708,'Maciej Rybus','Poland','Midfielder','1989-08-19'),(709,'Lukasz Teodorczyk','Poland','Forward','1991-06-03'),(710,'Dawid Kownacki','Poland','Forward','1997-03-14'),(711,'Jan Bednarek','Poland','Defender','1996-04-12'),(712,'Rafal Kurzawa','Poland','Midfielder','1993-01-29'),(713,'Bartosz Bereszynski','Poland','Defender','1992-07-12'),(714,'Jacek Goralski','Poland','Midfielder','1992-09-21'),(715,'Bartosz Bialkowski','Poland','Goalkeeper','1987-07-06'),(716,'James Rodriguez','Colombia','Midfielder','1991-07-12'),(717,'Radamel Falcao','Colombia','Forward','1986-02-10'),(718,'Juan Cuadrado','Colombia','Forward','1986-02-10'),(719,'David Ospina','Colombia','Goalkeeper','1988-08-31'),(720,'Carlos Bacca','Colombia','Forward','1986-09-08'),(721,'Carlos Sanchez Moreno','Colombia','Midfielder','1986-02-06'),(722,'Juan Fernando Quintero','Colombia','Midfielder','1993-01-18'),(723,'Cristian Zapata','Colombia','Defender','1986-09-30'),(724,'Santiago Arias','Colombia','Defender','1992-01-13'),(725,'Luis Muriel','Colombia','Forward','1991-04-16'),(726,'Abel Aguilar','Colombia','Midfielder','1985-01-06'),(727,'Yerry Mina','Colombia','Defender','1994-09-23'),(728,'Miguel Borja','Colombia','Forward','1993-01-26'),(729,'Farid Diaz','Colombia','Defender','1983-07-20'),(730,'Wilmar Barrios','Colombia','Midfielder','1993-10-16'),(731,'Mateus Uribe','Colombia','Midfielder','1991-03-21'),(732,'Oscar Murillo','Colombia','Defender','1988-04-18'),(733,'Camilo Vargas','Colombia','Goalkeeper','1989-03-09'),(734,'Johan Mojica','Colombia','Defender','1992-08-21'),(735,'Davinson Sanchez','Colombia','Defender','1996-06-12'),(736,'Jose Izquierdo','Colombia','Forward','1992-07-07'),(737,'Jefferson Lerma','Colombia','Midfielder','1994-10-25'),(738,'Jose Fernando Cuadrado','Colombia','Goalkeeper','1985-06-01');
/*!40000 ALTER TABLE `player` ENABLE KEYS */;
UNLOCK TABLES;

--
-- Table structure for table `stadium`
--

DROP TABLE IF EXISTS `stadium`;
/*!40101 SET @saved_cs_client     = @@character_set_client */;
/*!40101 SET character_set_client = utf8 */;
CREATE TABLE `stadium` (
  `stadiumName` varchar(30) NOT NULL,
  `city` varchar(30) DEFAULT NULL,
  PRIMARY KEY (`stadiumName`)
) ENGINE=InnoDB DEFAULT CHARSET=utf8mb4 COLLATE=utf8mb4_0900_ai_ci;
/*!40101 SET character_set_client = @saved_cs_client */;

--
-- Dumping data for table `stadium`
--

LOCK TABLES `stadium` WRITE;
/*!40000 ALTER TABLE `stadium` DISABLE KEYS */;
INSERT INTO `stadium` VALUES ('Ekaterinburg Arena','Ekaterinburg'),('Fisht Stadium','Sochi'),('Kaliningrad Stadium','Kaliningrad'),('Kazan Arena','Kazan'),('Luzhniki Stadium','Moscow'),('Mordovia Arena','Saransk'),('Nizhny Novgorod Stadium','Nizhny Novgorod'),('Rostov Arena','Rostov-on-Don'),('Saint Petersburg Stadium','Saint Petersburg'),('Samara Arena','Samara'),('Spartak Stadium','Moscow'),('Volgograd Arena','Volgograd');
/*!40000 ALTER TABLE `stadium` ENABLE KEYS */;
UNLOCK TABLES;

--
-- Table structure for table `team`
--

DROP TABLE IF EXISTS `team`;
/*!40101 SET @saved_cs_client     = @@character_set_client */;
/*!40101 SET character_set_client = utf8 */;
CREATE TABLE `team` (
  `teamName` varchar(20) NOT NULL,
  `coach` varchar(20) NOT NULL,
  `bracket` enum('A','B','C','D','E','F','G','H') NOT NULL,
  `points` int(10) unsigned NOT NULL,
  PRIMARY KEY (`teamName`)
) ENGINE=InnoDB DEFAULT CHARSET=utf8mb4 COLLATE=utf8mb4_0900_ai_ci;
/*!40101 SET character_set_client = @saved_cs_client */;

--
-- Dumping data for table `team`
--

LOCK TABLES `team` WRITE;
/*!40000 ALTER TABLE `team` DISABLE KEYS */;
INSERT INTO `team` VALUES ('Argentina','Jorge Sampaoli','D',1),('Australia','Bert van Marwijk','C',1),('Belgium','Roberto Martinez','G',3),('Brazil','Tite','E',4),('Colombia','Jose Pekerman','H',0),('Costa Rica','Oscar Ramirez','E',0),('Croatia','Zlatko Dalic','D',6),('Denmark','Age Hareide','C',4),('Egypt','Hector Cuper','A',0),('England','Gareth Southgate','G',3),('France','Didier Deschamps','C',6),('Germany','Joachim Low','F',0),('Iceland','Heimir Hallgrimsson','D',1),('Iran','Carlos Queiroz','B',3),('Japan','Akira Nishino','H',3),('Mexico','Juan Carlos Osorio','F',3),('Morocco','Herve Renard','B',0),('Nigeria','Gernot Rohr','D',3),('Panama','Hernan Gomez','G',0),('Peru','Ricardo Gareca','C',0),('Poland','Adam Nawalka','H',0),('Portugal','Fernando Santos','B',4),('Russia','Stanislav Cherchesov','A',6),('Saudi Arabia','Juan Antonio Pizzi','A',0),('Senegal','Aliou Cisse','H',3),('Serbia','Mladen Krstajic','E',3),('South Korea','Shin Tae-yong','F',0),('Spain','Fernando Hierro','B',4),('Sweden','Janne Andersson','F',3),('Switzerland','Vladimir Petkovic','E',4),('Tunisia','Nabil Maaloul','G',0),('Uruguay','Oscar Tabarez','A',6);
/*!40000 ALTER TABLE `team` ENABLE KEYS */;
UNLOCK TABLES;
/*!40103 SET TIME_ZONE=@OLD_TIME_ZONE */;

/*!40101 SET SQL_MODE=@OLD_SQL_MODE */;
/*!40014 SET FOREIGN_KEY_CHECKS=@OLD_FOREIGN_KEY_CHECKS */;
/*!40014 SET UNIQUE_CHECKS=@OLD_UNIQUE_CHECKS */;
/*!40101 SET CHARACTER_SET_CLIENT=@OLD_CHARACTER_SET_CLIENT */;
/*!40101 SET CHARACTER_SET_RESULTS=@OLD_CHARACTER_SET_RESULTS */;
/*!40101 SET COLLATION_CONNECTION=@OLD_COLLATION_CONNECTION */;
/*!40111 SET SQL_NOTES=@OLD_SQL_NOTES */;

-- Dump completed on 2018-06-24  9:04:51
